n,d,user_time,ai_time,user_iters,ai_iters,max_centroid_diff,speedup
100,2,0.00033830000029411167,0.0001401109984726645,4,4,0.0,2.4145142350128466
500,2,0.0026289119996363297,0.00039504099913756363,6,6,0.0,6.654782681735963
1000,2,0.004984474999218946,0.0006599010011996143,6,6,0.0,7.553367838748264
2000,2,0.015317145000153687,0.001712601999315666,9,9,0.0,8.94378554169283
100,5,0.0005782910011475906,0.00014775999807170592,5,5,0.0,3.913718250503454
500,5,0.0034012729993264657,0.0003819010016741231,6,6,0.0,8.906164122158492
1000,5,0.00788743799785152,0.0007895609996921849,7,7,0.0,9.989649945889534
2000,5,0.013523374000214972,0.001261490997421788,6,6,0.0,10.72015101800472
5000,10,0.0371788070006005,0.0029653329984284937,4,4,0.0,12.537818525037073
